Title,Date
"Icarus","16/8/20"
"Unorthodox: Limited Series: Part 1","15/8/20"
"Unorthodox: Limited Series: Part 2","15/8/20"
"The Big Family Cooking Showdown: Season 2: Episode 6","15/8/20"
"The Big Family Cooking Showdown: Season 2: Episode 5","15/8/20"
"The Great British Baking Show: Collection 4: Biscuits","14/8/20"
"The Great British Baking Show: Collection 4: Cake","14/8/20"
"The Great British Baking Show: Collection 3: Final","14/8/20"
"The Big Family Cooking Showdown: Season 2: Episode 7","13/8/20"
"The Big Family Cooking Showdown: Season 2: Episode 4","13/8/20"
"The Big Family Cooking Showdown: Season 2: Episode 3","13/8/20"
"13 Reasons Why: Season 1: Tape 1, Side B","13/8/20"
"13 Reasons Why: Season 1: Tape 1, Side A","12/8/20"
"The Big Family Cooking Showdown: Season 2: Episode 2","11/8/20"
"The Big Family Cooking Showdown: Season 2: Episode 1","11/8/20"
"The Umbrella Academy: Season 2: The End of Something","10/8/20"
"Nadiya’s Time to Eat: Season 1: Recipes in a Rush","10/8/20"
"The Umbrella Academy: Season 2: 743","10/8/20"
"The Umbrella Academy: Season 2: The Seven Stages","10/8/20"
"Selling Sunset: Season 2: Let the Real Estate Games Begin","10/8/20"
"Selling Sunset: Season 3: A Not So White Wedding","10/8/20"
"Selling Sunset: Season 3: Two Sides to Every Story","10/8/20"
"Selling Sunset: Season 3: One Text Changes Everything","10/8/20"
"The Great British Baking Show: Collection 7: Bread Week","9/8/20"
"The Great British Baking Show: Collection 3: Chocolate","9/8/20"
"Selling Sunset: Season 3: Bad News Travels Fast","9/8/20"
"Selling Sunset: Season 3: Everybody Loves Mary","9/8/20"
"Selling Sunset: Season 3: The Biggest Agent in the Room","8/8/20"
"Selling Sunset: Season 3: Confidence Is Key","8/8/20"
"Selling Sunset: Season 3: Back to Business","8/8/20"
"The Umbrella Academy: Season 2: Öga for Öga","8/8/20"
"The Great British Baking Show: Collection 3: Patisserie","8/8/20"
"The Umbrella Academy: Season 2: A Light Supper","8/8/20"
"The Great British Baking Show: Collection 3: Victorian","7/8/20"
"The Great British Baking Show: Collection 3: Pastry","6/8/20"
"The Umbrella Academy: Season 2: Valhalla","6/8/20"
"Immigration Nation: Limited Series: Installing Fear","6/8/20"
"The Umbrella Academy: Season 2: The Majestic 12","6/8/20"
"Merlin: Season 1: The Dragon's Call","5/8/20"
"The Umbrella Academy: Season 2: The Swedish Job","5/8/20"
"The Umbrella Academy: Season 2: The Frankel Footage","5/8/20"
"The Umbrella Academy: Season 2: Right Back Where We Started","4/8/20"
"The Umbrella Academy: Season 1: The White Violin","4/8/20"
"The Umbrella Academy: Season 1: Changes","4/8/20"
"Eurovision Song Contest: The Story of Fire Saga","4/8/20"
"Knock Down The House","4/8/20"
"Connected: Season 1: Poop","4/8/20"
"Connected: Season 1: Surveillance","4/8/20"
"The Umbrella Academy: Season 1: I Heard a Rumor","3/8/20"
"The Umbrella Academy: Season 1: The Day That Was","3/8/20"
"The Umbrella Academy: Season 1: The Day That Wasn't","3/8/20"
"The Umbrella Academy: Season 1: Number Five","3/8/20"
"The Umbrella Academy: Season 1: Man on the Moon","3/8/20"
"The Umbrella Academy: Season 1: Extra Ordinary","2/8/20"
"The Umbrella Academy: Season 1: Run Boy Run","2/8/20"
"The Umbrella Academy: Season 1: We Only See Each Other at Weddings and Funerals","2/8/20"
"Shameless (U.S.): Season 9: Are You There Shim? It's Me, Ian.","30/7/20"
"Sex Education: Season 2: Episode 1","27/7/20"
"Sex Education: Season 2: Episode 2","27/7/20"
"Sex Education: Season 2: Episode 3","27/7/20"
"The Great British Baking Show: Collection 3: Alternative Ingredients","26/7/20"
"Outlander: Season 1: Sassenach","25/7/20"
"Fear City: New York vs The Mafia: Limited Series: Mob Rule","25/7/20"
"Pose: Season 2: Love's in Need of Love Today","25/7/20"
"How to Sell Drugs Online (Fast): Season 1: Life's Not Fair, Get Used to It","25/7/20"
"How to Sell Drugs Online (Fast): Season 1: Nerd Today, Boss Tomorrow","25/7/20"
"Love on the Spectrum: Season 1: Episode 2","25/7/20"
"Love on the Spectrum: Season 1: Episode 1","24/7/20"
"The Great British Baking Show: Collection 3: Desserts","24/7/20"
"Million Pound Menu: Season 2: Coracle, Oxalis, Hodge & Huggett - Modern British","23/7/20"
"Million Pound Menu: Season 2: Tiger Bites, Burmese Kitchen, Really Rice - Grab-and-Go","23/7/20"
"You: Season 2: Love, Actually","23/7/20"
"You: Season 2: P.I. Joe","22/7/20"
"You: Season 2: Fear and Loathing in Beverly Hills","22/7/20"
"You: Season 2: Ex-istential Crisis","21/7/20"
"You: Season 2: Farewell, My Bunny","21/7/20"
"You: Season 2: Have a Good Wellkend, Joe!","21/7/20"
"You: Season 2: The Good, the Bad, & the Hendy","21/7/20"
"You: Season 2: What Are Friends For?","20/7/20"
"You: Season 2: Just the Tip","20/7/20"
"Indian Matchmaking: Season 1: Slim, Trim and Educated","20/7/20"
"You: Season 2: A Fresh Start","20/7/20"
"Say I Do: Season 1: Love at Any Age","19/7/20"
"You: Season 1: Bluebeard's Castle","18/7/20"
"You: Season 1: Candace","18/7/20"
"You: Season 1: You Got Me, Babe","18/7/20"
"You: Season 1: Everythingship","18/7/20"
"You: Season 1: Amour Fou","18/7/20"
"You: Season 1: Living with the Enemy","18/7/20"
"You: Season 1: The Captain","17/7/20"
"You: Season 1: Maybe","17/7/20"
"Ozark: Season 1: Sugarwood","17/7/20"
"You: Season 1: The Last Nice Guy in New York","16/7/20"
"You: Season 1: Pilot","16/7/20"
"Million Pound Menu: Season 2: MATR, Pilgrim, Blue Caribou Canteen - New International","16/7/20"
"The Last Kingdom: Season 2: Episode 5","16/7/20"
"The Business of Drugs: Limited Series: Cocaine","16/7/20"
"Sex Education: Season 2: Episode 8","16/7/20"
"Sex Education: Season 2: Episode 7","16/7/20"
"The Last Kingdom: Season 2: Episode 4","14/7/20"
"The Last Kingdom: Season 2: Episode 3","13/7/20"
"The Last Kingdom: Season 2: Episode 2","13/7/20"
"Pose: Season 1: Pilot","13/7/20"
"The Last Kingdom: Season 2: Episode 1","11/7/20"
"Million Pound Menu: Season 2: Baba G's, KraPow, XXVI - New Asian","10/7/20"
"Million Pound Menu: Season 2: The Duck Truck, BBQ Dreamz & Jah Jyot - Fast Casual","10/7/20"
"The Last Kingdom: Season 1: Episode 8","10/7/20"
"Ugly Delicious: Season 2: As the Meat Turns","10/7/20"
"Say I Do: Season 1: Second Chances","9/7/20"
"The Great British Baking Show: Collection 3: Bread","9/7/20"
"The Last Kingdom: Season 1: Episode 7","9/7/20"
"The Last Kingdom: Season 1: Episode 6","9/7/20"
"The Great British Baking Show: Collection 3: Biscuits","8/7/20"
"The Last Kingdom: Season 1: Episode 5","8/7/20"
"The Last Kingdom: Season 1: Episode 4","8/7/20"
"Say I Do: Season 1: Instant Family","7/7/20"
"The Great British Baking Show: Collection 3: Cake","7/7/20"
"The Last Kingdom: Season 1: Episode 3","6/7/20"
"The Last Kingdom: Season 1: Episode 2","6/7/20"
"The Last Kingdom: Season 1: Episode 1","6/7/20"
"Say I Do: Season 1: I Do-Over","4/7/20"
"Breaking Bad: Season 1: The Cat's in the Bag","2/7/20"
"Breaking Bad: Season 1: Pilot","1/7/20"
"Pose: Season 2: What Would Candy Do?","1/7/20"
"How to Get Away With Murder: Season 6: Episode 15","1/7/20"
"How to Get Away With Murder: Season 6: Episode 14","30/6/20"
"How to Get Away With Murder: Season 6: Episode 13","30/6/20"
"How to Get Away With Murder: Season 6: Episode 12","30/6/20"
"How to Get Away With Murder: Season 6: Episode 11","30/6/20"
"How to Get Away With Murder: Season 6: Episode 10","30/6/20"
"Homemade: Volume 1: Ladj Ly","30/6/20"
"How to Get Away With Murder: Season 6: Are You the Mole?","30/6/20"
"How to Get Away With Murder: Season 6: I Want to Be Free","29/6/20"
"How to Get Away With Murder: Season 6: I'm the Murderer","29/6/20"
"How to Get Away With Murder: Season 6: Family Sucks","29/6/20"
"How to Get Away With Murder: Season 6: We're All Gonna Die","29/6/20"
"How to Get Away With Murder: Season 6: I Hate the World","29/6/20"
"Disclosure","26/6/20"
"How to Get Away With Murder: Season 6: Do You Think I'm a Bad Man?","26/6/20"
"Freedom Writers","26/6/20"
"How to Get Away With Murder: Season 6: Vivian's Here","26/6/20"
"How to Get Away With Murder: Season 6: Say Goodbye","26/6/20"
"Pose: Season 2: Never Knew Love Like This Before","26/6/20"
"How to Get Away With Murder: Season 1: Pilot","25/6/20"
"Floor Is Lava: Season 1: The Basement: Level 1","25/6/20"
"Pose: Season 2: Butterfly/Cocoon","25/6/20"
"The Politician: Season 2: Election Day","25/6/20"
"The Politician: Season 2: What's in the Box?","25/6/20"
"The Politician: Season 2: The Voters","24/6/20"
"The Politician: Season 2: Hail Mary","24/6/20"
"The Politician: Season 2: Cancel Culture","24/6/20"
"The Politician: Season 2: Conscious Unthroupling","24/6/20"
"The Politician: Season 2: New York State of Mind","24/6/20"
"The Politician: Season 1: Pilot","24/6/20"
"Pose: Season 2: Worth It","24/6/20"
"Kingdom: Season 2: Episode 5","23/6/20"
"Kingdom: Season 2: Episode 4","23/6/20"
"Kingdom: Season 1: Episode 1","23/6/20"
"When They See Us: Limited Series: Part Three","19/6/20"
"When They See Us: Limited Series: Part Two","18/6/20"
"When They See Us: Limited Series: Part One","18/6/20"
"Oprah Winfrey Presents: When They See Us Now","18/6/20"
"QB1: Beyond the Lights: Season 3: What's Your Why","18/6/20"
"Queer Eye: Season 5: Body Rock or Bust","17/6/20"
"Dating Around: Season 1: Luke","17/6/20"
"Dating Around: Season 2: Justin","17/6/20"
"Teach Us All","17/6/20"
"Alt-Right: Age of Rage","15/6/20"
"Living Undocumented: Season 1: A Prayer in the Night","14/6/20"
"Queer Eye: Season 5: Father Knows Fish","13/6/20"
"Lenox Hill: Season 1: Growth Hurts","12/6/20"
"Madam Secretary: Season 1: Standoff","11/6/20"
"Madam Secretary: Season 1: Game On","11/6/20"
"They've Gotta Have Us: Season 1: Legends and Pioneers","11/6/20"
"Flint Town: Season 1: Welcome to Flint Town","11/6/20"
"LA 92","9/6/20"
"Queer Eye: Season 5: DJ's on Repeat","9/6/20"
"Time: The Kalief Browder Story: Season 1: Part 1 - The System","9/6/20"
"Queer Eye: Season 5: The Anxious Activist","8/6/20"
"Queer Eye: Season 5: The North Philadelphia Story","8/6/20"
"Let It Fall: Los Angeles 1982-1992","6/6/20"
"Queer Eye: Season 5: Silver Lining Sweeney","6/6/20"
"Queer Eye: Season 5: Father of the Bride","6/6/20"
"Queer Eye: Season 5: Groomer Has It","5/6/20"
"Queer Eye: Season 5: Preaching Out Loud","5/6/20"
"Queer Eye: Season 5: Paging Dr. Yi","5/6/20"
"Jeffrey Epstein: Filthy Rich: Limited Series: Finding Their Voice","4/6/20"
"Jeffrey Epstein: Filthy Rich: Limited Series: The Island","4/6/20"
"Space Force: Season 1: THE LAUNCH","4/6/20"
"Murder to Mercy: The Cyntoia Brown Story","2/6/20"
"Jeffrey Epstein: Filthy Rich: Limited Series: Follow the Money","1/6/20"
"Jeffrey Epstein: Filthy Rich: Limited Series: Hunting Grounds","1/6/20"
"13TH","31/5/20"
"Becoming","31/5/20"
"Selling Sunset: Season 2: Karma’s Gonna Get You","27/5/20"
"Selling Sunset: Season 2: That’s Why They Call It Real Estress","27/5/20"
"Selling Sunset: Season 2: The Wait Will Be Worth the Wait","27/5/20"
"Selling Sunset: Season 2: I’m No Soldier","27/5/20"
"Selling Sunset: Season 2: The Red Engagement Party","27/5/20"
"Selling Sunset: Season 2: Sorry, Not Sorry","26/5/20"
"Selling Sunset: Season 2: Billionaires Have Compounds","26/5/20"
"Madam Secretary: Season 1: Collateral Damage","22/5/20"
"Madam Secretary: Season 1: So It Goes","22/5/20"
"Madam Secretary: Season 1: Need to Know","21/5/20"
"Madam Secretary: Season 1: Passage","20/5/20"
"Madam Secretary: Season 1: The Call","20/5/20"
"Madam Secretary: Season 1: Blame Canada","20/5/20"
"Madam Secretary: Season 1: Just Another Normal Day","19/5/20"
"Madam Secretary: Season 1: The Operative","19/5/20"
"Madam Secretary: Season 1: Another Benghazi","19/5/20"
"Madam Secretary: Season 1: Pilot","18/5/20"
"Trial By Media: Season 1: Subway Vigilante","17/5/20"
"Unbreakable Kimmy Schmidt: Season 3: Kimmy Goes to College!","16/5/20"
"Trial By Media: Season 1: 41 Shots","16/5/20"
"Cheer: Season 1: Daytona","14/5/20"
"Cheer: Season 1: Full Out","14/5/20"
"Cheer: Season 1: Hit Zero","14/5/20"
"Cheer: Season 1: Blood, Sweat and Cheers","14/5/20"
"Cheer: Season 1: Making Mat","13/5/20"
"Cheer: Season 1: God Blessed Texas","13/5/20"
"Medici: Masters of Florence: Original Sin","13/5/20"
"Outer Banks: Season 1: The Phantom","13/5/20"
"Mr. Sunshine: Season 1: Episode 5","13/5/20"
"Outer Banks: Season 1: The Bell Tower","13/5/20"
"Outer Banks: Season 1: The Runway","13/5/20"
"Outer Banks: Season 1: Dead Calm","13/5/20"
"Mr. Sunshine: Season 1: Episode 4","12/5/20"
"Outer Banks: Season 1: Parcel 9","12/5/20"
"Mr. Sunshine: Season 1: Episode 3","11/5/20"
"Mr. Sunshine: Season 1: Episode 2","9/5/20"
"Outer Banks: Season 1: Midsummers","9/5/20"
"Outer Banks: Season 1: Spy Games","9/5/20"
"Outer Banks: Season 1: The Forbidden Zone","9/5/20"
"Outer Banks: Season 1: The Lucky Compass","8/5/20"
"Outer Banks: Season 1: Pilot","8/5/20"
"Mr. Sunshine: Season 1: Episode 1","7/5/20"
"American Factory","3/5/20"
"Waco: Limited Series: Day 51","1/5/20"
"Waco: Limited Series: Stalling for Time","1/5/20"
"Waco: Limited Series: Of Milk and Men","30/4/20"
"Waco: Limited Series: Operation Showtime","30/4/20"
"Waco: Limited Series: The Strangers Across the Street","30/4/20"
"Never Have I Ever: Season 1: ... had sex with Paxton Hall-Yoshida","29/4/20"
"Never Have I Ever: Season 1: Pilot","29/4/20"
"Waco: Limited Series: Visions and Omens","29/4/20"
"Explained: Season 1: The Female Orgasm","28/4/20"
"The Innocence Files: Limited Series: The Evidence: Indeed and Without Doubt","16/4/20"
"Dirty Money: Season 2: Slumlord Millionaire","14/4/20"
"Dirty Money: Season 2: The Man at the Top","14/4/20"
"Dirty Money: Season 2: The Wagon Wheel","14/4/20"
"Crash Landing on You: Season 1: Episode 1","9/4/20"
"The Walking Dead: Season 9: A New Beginning","9/4/20"
"Community: Season 1: Community","8/4/20"
"Coffee & Kareem","8/4/20"
"Money Heist: Part 1: Episode 1","8/4/20"
"The Walking Dead: Season 1: Days Gone Bye","8/4/20"
"Kingdom: Season 2: Episode 6","7/4/20"
"Kingdom: Season 2: Episode 3","6/4/20"
"Kingdom: Season 2: Episode 2","6/4/20"
"Kingdom: Season 2: Episode 1","6/4/20"
